id_uf,ano,gini_pib,gini_va_agro,gini_va_industria,gini_va_servicos,gini_va_adespss
14,2002,0.754187,0.32594,0.859175,0.868252,0.666031
27,2002,0.707149,0.545523,0.863561,0.839907,0.566092
25,2002,0.777902,0.523467,0.92872,0.866507,0.597854
24,2002,0.798872,0.558467,0.894844,0.87558,0.632014
33,2002,0.843051,0.511523,0.862669,0.869677,0.776645
35,2002,0.874623,0.529617,0.884676,0.907325,0.793521
23,2002,0.786772,0.424625,0.894928,0.875135,0.597792
42,2002,0.735821,0.420611,0.804981,0.804816,0.659889
16,2002,0.802527,0.326519,0.827082,0.873147,0.741765
52,2002,0.782629,0.642966,0.886168,0.84328,0.689695
32,2002,0.787016,0.485156,0.859239,0.813516,0.611728
12,2002,0.733505,0.403935,0.839545,0.869162,0.634486
11,2002,0.663476,0.329761,0.790535,0.781479,0.560424
43,2002,0.79058,0.480026,0.873256,0.853253,0.716547
50,2002,0.665083,0.509868,0.822283,0.77209,0.607693
17,2002,0.709031,0.489622,0.868443,0.816051,0.56299
21,2002,0.726878,0.440234,0.898132,0.847317,0.531072
31,2002,0.822643,0.592349,0.909916,0.863343,0.670851
13,2002,0.891846,0.606334,0.970171,0.93543,0.674001
41,2002,0.785731,0.447553,0.881889,0.845104,0.667398
51,2002,0.705199,0.640167,0.805886,0.793413,0.611992
15,2002,0.728359,0.493527,0.872753,0.848607,0.55956
29,2002,0.771418,0.598688,0.914095,0.855532,0.541535
28,2002,0.74629,0.470979,0.866162,0.842041,0.584016
22,2002,0.769564,0.476404,0.935639,0.879679,0.590492
26,2002,0.795667,0.496007,0.912906,0.871986,0.598709
22,2003,0.757789,0.518888,0.955225,0.884476,0.586216
31,2003,0.823687,0.592737,0.913906,0.862184,0.672205
32,2003,0.787974,0.473197,0.858605,0.811031,0.615348
15,2003,0.725016,0.488995,0.873611,0.846691,0.565408
24,2003,0.795312,0.5733,0.898712,0.878037,0.633349
14,2003,0.751256,0.345733,0.881024,0.872531,0.671533
35,2003,0.874447,0.525978,0.886244,0.906567,0.796177
52,2003,0.7781,0.633942,0.876123,0.843441,0.694515
12,2003,0.720977,0.386624,0.837409,0.867168,0.63518
27,2003,0.724757,0.566849,0.869598,0.846698,0.565753
21,2003,0.726222,0.47362,0.902194,0.854394,0.535184
50,2003,0.65591,0.519761,0.81303,0.768806,0.605388
23,2003,0.782014,0.411981,0.902645,0.875016,0.597849
25,2003,0.774334,0.537,0.927039,0.865599,0.603911
26,2003,0.791996,0.522027,0.914245,0.87241,0.600078
17,2003,0.689553,0.531982,0.854813,0.808819,0.570348
28,2003,0.731878,0.480504,0.866572,0.82852,0.582614
11,2003,0.642692,0.302293,0.768464,0.781836,0.555534
16,2003,0.7878,0.341009,0.789789,0.860776,0.742801
51,2003,0.706373,0.650864,0.814827,0.807167,0.613685
43,2003,0.772182,0.480525,0.878771,0.840697,0.719578
29,2003,0.777064,0.615177,0.925343,0.855525,0.544766
41,2003,0.7746,0.43301,0.885916,0.840764,0.670535
33,2003,0.838942,0.49848,0.856913,0.86662,0.776302
42,2003,0.73294,0.416676,0.808345,0.803165,0.663043
13,2003,0.898752,0.608396,0.972946,0.940625,0.671605
42,2004,0.742839,0.41909,0.812641,0.806679,0.666994
15,2004,0.73597,0.441069,0.867314,0.851109,0.568572
14,2004,0.745649,0.363216,0.871617,0.863597,0.672763
21,2004,0.733106,0.462804,0.912669,0.853742,0.53802
27,2004,0.731059,0.537427,0.868488,0.853716,0.568526
23,2004,0.792612,0.443578,0.904652,0.872732,0.599618
24,2004,0.79942,0.556746,0.902302,0.875206,0.634651
25,2004,0.770663,0.516528,0.91413,0.863017,0.60764
31,2004,0.826222,0.609468,0.915945,0.864404,0.677087
33,2004,0.839599,0.531713,0.855989,0.862108,0.775526
32,2004,0.798309,0.459023,0.868354,0.815247,0.61792
52,2004,0.78121,0.640128,0.876951,0.845032,0.703214
16,2004,0.795061,0.349713,0.807837,0.866714,0.742644
26,2004,0.797682,0.523733,0.912312,0.870784,0.600666
35,2004,0.877008,0.523459,0.88603,0.90619,0.797559
41,2004,0.783146,0.420103,0.887093,0.842607,0.673793
12,2004,0.735187,0.376817,0.846886,0.873468,0.635001
17,2004,0.692404,0.505248,0.856579,0.810595,0.57164
22,2004,0.758241,0.580737,0.93562,0.872015,0.587919
43,2004,0.789569,0.487171,0.88537,0.84643,0.718174
13,2004,0.907582,0.594963,0.973139,0.944769,0.676216
11,2004,0.655898,0.301848,0.774926,0.783571,0.556336
28,2004,0.740596,0.461817,0.8602,0.828926,0.581615
50,2004,0.663942,0.491208,0.813452,0.76899,0.608794
29,2004,0.788134,0.650351,0.919005,0.859029,0.549552
51,2004,0.706625,0.662244,0.824892,0.80623,0.620746
21,2005,0.747359,0.486852,0.919352,0.860738,0.535241
22,2005,0.767973,0.594958,0.951367,0.878331,0.581319
32,2005,0.795508,0.458388,0.862236,0.812155,0.615321
51,2005,0.711716,0.661239,0.834647,0.809826,0.622282
17,2005,0.694704,0.480336,0.84434,0.809253,0.571173
42,2005,0.750767,0.418301,0.81309,0.810711,0.666648
27,2005,0.725812,0.53349,0.865497,0.843814,0.564142
50,2005,0.677547,0.451382,0.815853,0.768806,0.61224
24,2005,0.803622,0.570954,0.90425,0.878132,0.633015
12,2005,0.733279,0.366471,0.868354,0.874874,0.628435
29,2005,0.79203,0.629769,0.92408,0.85678,0.546398
31,2005,0.824006,0.595543,0.912409,0.859598,0.67415
14,2005,0.746504,0.315285,0.860453,0.865436,0.669918
13,2005,0.906511,0.58206,0.975159,0.943827,0.675985
26,2005,0.793659,0.522688,0.915161,0.868276,0.601
33,2005,0.844974,0.527429,0.872011,0.863571,0.775382
52,2005,0.789545,0.605819,0.880508,0.845073,0.70352
25,2005,0.76894,0.515059,0.926048,0.866858,0.602134
28,2005,0.736274,0.441568,0.859516,0.836005,0.582426
15,2005,0.731493,0.438223,0.870365,0.843067,0.563349
16,2005,0.782708,0.511335,0.802792,0.860134,0.742013
41,2005,0.792089,0.428434,0.887148,0.844063,0.677101
11,2005,0.661969,0.297137,0.776917,0.788301,0.556167
35,2005,0.879179,0.519831,0.883959,0.908979,0.794925
43,2005,0.813933,0.480318,0.883831,0.857426,0.715866
23,2005,0.792617,0.432055,0.903154,0.872809,0.600198
25,2006,0.774127,0.502925,0.920529,0.872796,0.605991
26,2006,0.786755,0.518162,0.90149,0.865729,0.602449
32,2006,0.792566,0.44155,0.861199,0.80983,0.613223
35,2006,0.876696,0.527397,0.879116,0.909887,0.793316
24,2006,0.804342,0.587244,0.903543,0.881861,0.636113
42,2006,0.756968,0.420674,0.8102,0.815234,0.66798
17,2006,0.704422,0.440681,0.8471,0.819613,0.579099
14,2006,0.757404,0.325436,0.853717,0.870431,0.674163
12,2006,0.732895,0.370231,0.865321,0.871333,0.626839
50,2006,0.683075,0.481673,0.815411,0.768535,0.61149
51,2006,0.718791,0.590617,0.811868,0.805271,0.619874
11,2006,0.664114,0.292167,0.788858,0.786126,0.555884
41,2006,0.800034,0.418335,0.8909,0.849335,0.679653
31,2006,0.825257,0.605383,0.912883,0.863024,0.673336
21,2006,0.754244,0.43673,0.905834,0.852928,0.537875
27,2006,0.732877,0.542439,0.876004,0.84755,0.563778
16,2006,0.791405,0.51035,0.816648,0.868705,0.742239
43,2006,0.799672,0.460955,0.876743,0.852274,0.71421
33,2006,0.844868,0.521995,0.878606,0.863134,0.772687
13,2006,0.904798,0.559535,0.975062,0.941737,0.683834
29,2006,0.786248,0.626881,0.914908,0.854374,0.550389
52,2006,0.801655,0.58489,0.88193,0.850294,0.708277
22,2006,0.784127,0.555259,0.937481,0.887548,0.581822
15,2006,0.73773,0.438392,0.865593,0.849094,0.564652
23,2006,0.786051,0.430824,0.898827,0.871616,0.604519
28,2006,0.720503,0.440226,0.84374,0.828778,0.580615
41,2007,0.802068,0.422266,0.89052,0.85585,0.674406
23,2007,0.794227,0.448048,0.900267,0.874998,0.598818
11,2007,0.668052,0.307119,0.790281,0.783848,0.566868
16,2007,0.777855,0.480005,0.789335,0.864449,0.728688
32,2007,0.793213,0.429158,0.856692,0.810791,0.619183
35,2007,0.879376,0.52673,0.882891,0.912705,0.791367
24,2007,0.804113,0.596337,0.903173,0.8836,0.632931
26,2007,0.792372,0.524426,0.906256,0.867543,0.604007
21,2007,0.740652,0.458085,0.915263,0.844789,0.531226
27,2007,0.740501,0.538043,0.883482,0.848817,0.559208
42,2007,0.755671,0.420149,0.805142,0.8169,0.663025
14,2007,0.749061,0.305099,0.872855,0.86816,0.665566
12,2007,0.726051,0.355484,0.868209,0.866447,0.600516
33,2007,0.843318,0.499856,0.874065,0.863081,0.769331
50,2007,0.680232,0.491431,0.808974,0.774712,0.607354
13,2007,0.905461,0.550741,0.973063,0.945006,0.667591
51,2007,0.716524,0.633573,0.814361,0.807632,0.60922
31,2007,0.831472,0.592869,0.9137,0.870983,0.670892
28,2007,0.726835,0.445522,0.839531,0.833364,0.579966
15,2007,0.735058,0.453797,0.857998,0.846173,0.560365
22,2007,0.761221,0.584793,0.929626,0.879336,0.577269
29,2007,0.788698,0.638612,0.92137,0.858045,0.555035
52,2007,0.797955,0.603075,0.880691,0.848933,0.707633
25,2007,0.778311,0.501494,0.921789,0.878086,0.598108
43,2007,0.794692,0.448427,0.880751,0.851596,0.709863
17,2007,0.702163,0.463048,0.859922,0.819851,0.55712
41,2008,0.793297,0.420247,0.887729,0.850758,0.67255
13,2008,0.903919,0.536943,0.97239,0.942805,0.669251
35,2008,0.881968,0.513155,0.881755,0.911522,0.7877
12,2008,0.726923,0.358493,0.86827,0.872829,0.594395
33,2008,0.836786,0.529363,0.870722,0.857452,0.766208
21,2008,0.730672,0.518552,0.908481,0.838127,0.531339
23,2008,0.78616,0.430047,0.9006,0.875949,0.596834
14,2008,0.749445,0.315203,0.85654,0.870033,0.664067
32,2008,0.799044,0.440264,0.862036,0.817633,0.614491
43,2008,0.789626,0.469873,0.87284,0.848036,0.707235
16,2008,0.781591,0.434792,0.800127,0.866642,0.727474
22,2008,0.756198,0.639527,0.952499,0.871897,0.580745
50,2008,0.675954,0.462973,0.812639,0.778331,0.607962
24,2008,0.80536,0.535779,0.905557,0.890658,0.635237
25,2008,0.777112,0.477006,0.927443,0.879494,0.597878
51,2008,0.710669,0.626871,0.813571,0.811334,0.609834
27,2008,0.72945,0.519023,0.879423,0.850721,0.561381
28,2008,0.722027,0.467659,0.842162,0.831222,0.58249
29,2008,0.791933,0.655597,0.91782,0.857861,0.558078
11,2008,0.660341,0.301692,0.796479,0.781624,0.567431
31,2008,0.831392,0.602186,0.915494,0.868216,0.671271
17,2008,0.695974,0.495967,0.867597,0.820717,0.553601
26,2008,0.789048,0.514007,0.907502,0.864107,0.601693
15,2008,0.750837,0.443457,0.886632,0.847879,0.558879
52,2008,0.796521,0.623404,0.88469,0.847138,0.706493
42,2008,0.751064,0.420716,0.805731,0.812143,0.664049
16,2009,0.782225,0.43665,0.82561,0.861544,0.725058
50,2009,0.683925,0.479803,0.81492,0.783917,0.612379
52,2009,0.798453,0.628253,0.880701,0.85111,0.714992
43,2009,0.797601,0.478535,0.880572,0.850162,0.714496
41,2009,0.801559,0.40694,0.88849,0.854305,0.681013
42,2009,0.74885,0.424785,0.802396,0.805873,0.668361
17,2009,0.689725,0.504634,0.864275,0.820196,0.554511
27,2009,0.734932,0.542106,0.873858,0.862018,0.563608
35,2009,0.877212,0.512915,0.876372,0.910341,0.791058
22,2009,0.761951,0.631006,0.942363,0.874084,0.581615
25,2009,0.778778,0.49622,0.921618,0.881291,0.599148
26,2009,0.789191,0.500753,0.908791,0.863687,0.596419
32,2009,0.787945,0.450832,0.845588,0.81735,0.621109
21,2009,0.727809,0.514092,0.888007,0.832238,0.536332
14,2009,0.756471,0.31724,0.86447,0.872336,0.664085
33,2009,0.837431,0.541846,0.860553,0.859214,0.765951
24,2009,0.805413,0.589204,0.901183,0.895506,0.638469
12,2009,0.732872,0.345368,0.869448,0.869827,0.589417
31,2009,0.829374,0.600112,0.909411,0.869361,0.674232
51,2009,0.714188,0.614641,0.817777,0.813765,0.611918
13,2009,0.900838,0.542595,0.972579,0.941844,0.670965
28,2009,0.713271,0.472585,0.836059,0.830972,0.582799
29,2009,0.794618,0.632403,0.922938,0.860695,0.558916
11,2009,0.679131,0.298879,0.830834,0.790344,0.574558
15,2009,0.732581,0.460897,0.876778,0.842684,0.555839
23,2009,0.795191,0.43735,0.903989,0.878153,0.599086
25,2010,0.782938,0.518389,0.917,0.879141,0.608085
51,2010,0.715726,0.562925,0.803118,0.80973,0.621232
21,2010,0.740196,0.47897,0.896213,0.849286,0.540227
23,2010,0.798106,0.469999,0.897288,0.869844,0.599987
33,2010,0.833818,0.538402,0.847121,0.856702,0.766245
42,2010,0.756823,0.437045,0.801329,0.805709,0.672391
22,2010,0.775608,0.580903,0.921378,0.87881,0.592273
52,2010,0.799021,0.630829,0.874486,0.852664,0.712999
16,2010,0.774362,0.454933,0.795366,0.859495,0.726011
43,2010,0.797096,0.465321,0.871183,0.85175,0.717035
50,2010,0.687946,0.460799,0.812562,0.785855,0.619864
26,2010,0.795613,0.532082,0.896176,0.867621,0.598143
14,2010,0.757445,0.278119,0.873776,0.877136,0.65358
15,2010,0.754573,0.45615,0.909613,0.847266,0.549413
41,2010,0.802788,0.412787,0.885678,0.858623,0.681466
17,2010,0.712411,0.496308,0.871837,0.833053,0.580219
29,2010,0.79077,0.578631,0.913228,0.857901,0.556216
31,2010,0.833219,0.623972,0.9074,0.869033,0.675285
28,2010,0.730533,0.464447,0.835509,0.836279,0.59634
35,2010,0.880277,0.499789,0.874522,0.910726,0.79087
32,2010,0.787483,0.469221,0.850888,0.808996,0.620389
24,2010,0.814128,0.617762,0.905583,0.895017,0.646723
12,2010,0.71591,0.318025,0.863222,0.862712,0.596
13,2010,0.896882,0.527417,0.970386,0.937976,0.664515
27,2010,0.748682,0.530236,0.877752,0.86783,0.568839
11,2010,0.698207,0.305903,0.842143,0.796676,0.589688
25,2011,0.781692,0.509508,0.919552,0.876394,0.609193
24,2011,0.80685,0.587649,0.901103,0.8861,0.647998
41,2011,0.797691,0.404218,0.876134,0.854396,0.683855
33,2011,0.832692,0.568765,0.850557,0.857034,0.767955
14,2011,0.748618,0.291863,0.860558,0.875526,0.648349
50,2011,0.690452,0.480061,0.818354,0.783863,0.62268
29,2011,0.783412,0.622221,0.904971,0.8522,0.555735
21,2011,0.727895,0.476414,0.895468,0.829313,0.52733
11,2011,0.709207,0.29633,0.862624,0.79615,0.594139
31,2011,0.827357,0.641745,0.905515,0.865709,0.67479
22,2011,0.771262,0.606492,0.914025,0.880842,0.591684
27,2011,0.754962,0.575045,0.87305,0.862911,0.567759
28,2011,0.736298,0.472985,0.8303,0.837158,0.591299
15,2011,0.762108,0.456052,0.919573,0.843604,0.545114
42,2011,0.757163,0.429633,0.794855,0.802849,0.674234
17,2011,0.706482,0.536661,0.851478,0.832504,0.588119
35,2011,0.879435,0.503118,0.865807,0.909642,0.791075
43,2011,0.794704,0.465625,0.866609,0.849987,0.717238
51,2011,0.70056,0.588327,0.794862,0.801203,0.620535
16,2011,0.770029,0.439823,0.785591,0.853693,0.724325
23,2011,0.790217,0.423611,0.894373,0.868994,0.600073
12,2011,0.714592,0.337085,0.855611,0.864705,0.595876
26,2011,0.796663,0.496711,0.89741,0.865072,0.595435
32,2011,0.783108,0.417931,0.852269,0.79887,0.620689
13,2011,0.884592,0.550097,0.967085,0.936293,0.66453
52,2011,0.798265,0.623173,0.868037,0.85533,0.716934
32,2012,0.774786,0.406799,0.844042,0.792048,0.620013
29,2012,0.782281,0.673233,0.899826,0.845124,0.56045
41,2012,0.795766,0.412158,0.868832,0.851741,0.687123
23,2012,0.802985,0.479848,0.895583,0.872056,0.599542
33,2012,0.827805,0.578022,0.845195,0.853204,0.7646
21,2012,0.739431,0.52751,0.898508,0.831335,0.528524
22,2012,0.779198,0.724553,0.909726,0.878014,0.592821
42,2012,0.75871,0.434474,0.789814,0.801431,0.675045
15,2012,0.75689,0.460713,0.908228,0.843352,0.548081
52,2012,0.797168,0.63793,0.871307,0.854008,0.719971
50,2012,0.693024,0.505241,0.81721,0.780994,0.621949
16,2012,0.774748,0.421627,0.814642,0.856964,0.723866
24,2012,0.810998,0.655941,0.897029,0.883686,0.645777
28,2012,0.744057,0.498803,0.839019,0.838487,0.59556
25,2012,0.791399,0.573523,0.918741,0.875231,0.612584
11,2012,0.703686,0.329454,0.852905,0.80626,0.595247
12,2012,0.716393,0.33436,0.864449,0.864663,0.598296
43,2012,0.80429,0.472734,0.86486,0.853263,0.715897
27,2012,0.755656,0.601834,0.870844,0.855297,0.568466
13,2012,0.88155,0.5446,0.962105,0.937759,0.666224
51,2012,0.700844,0.617795,0.791634,0.806487,0.62283
26,2012,0.803524,0.579181,0.894401,0.860437,0.596762
17,2012,0.709824,0.53295,0.852103,0.834256,0.589253
14,2012,0.746039,0.318145,0.860101,0.872379,0.649362
31,2012,0.826352,0.660226,0.904231,0.866163,0.674147
35,2012,0.877765,0.503404,0.861121,0.907814,0.788552
16,2013,0.765663,0.358744,0.780042,0.84622,0.720228
25,2013,0.784294,0.569166,0.916813,0.871743,0.614156
14,2013,0.737259,0.339202,0.844297,0.86887,0.648148
50,2013,0.688085,0.474529,0.813221,0.780042,0.626086
35,2013,0.87608,0.512965,0.861218,0.904614,0.788495
29,2013,0.78039,0.624209,0.896334,0.846428,0.561662
12,2013,0.698498,0.325738,0.835311,0.856115,0.596008
52,2013,0.791039,0.62758,0.859912,0.852558,0.722688
33,2013,0.827616,0.546874,0.840791,0.854114,0.763758
26,2013,0.806319,0.611919,0.907927,0.858442,0.59549
43,2013,0.783107,0.483408,0.864895,0.845604,0.715575
27,2013,0.744972,0.547672,0.884224,0.851717,0.565151
51,2013,0.702776,0.617195,0.807595,0.801445,0.62489
31,2013,0.829611,0.614366,0.907136,0.866514,0.675421
17,2013,0.707042,0.534901,0.85567,0.834992,0.588629
32,2013,0.768602,0.413029,0.836387,0.790222,0.624885
22,2013,0.775369,0.656421,0.932551,0.880035,0.591682
41,2013,0.786344,0.424552,0.872808,0.845025,0.690115
11,2013,0.693786,0.299175,0.838824,0.801352,0.597783
15,2013,0.737801,0.493871,0.911491,0.834474,0.546202
13,2013,0.880242,0.555885,0.962776,0.938044,0.664057
24,2013,0.810073,0.650887,0.896631,0.88439,0.643555
28,2013,0.731921,0.474121,0.815728,0.835302,0.59051
23,2013,0.799937,0.523745,0.899666,0.866948,0.600042
42,2013,0.751677,0.433536,0.786695,0.800229,0.676527
21,2013,0.733188,0.522907,0.904959,0.82903,0.526905
28,2014,0.730495,0.476075,0.810217,0.835528,0.590212
50,2014,0.692664,0.486828,0.820971,0.780453,0.630496
51,2014,0.707444,0.592634,0.796303,0.804535,0.627698
27,2014,0.746158,0.55695,0.886772,0.851714,0.570281
52,2014,0.795816,0.610314,0.864544,0.855197,0.720191
41,2014,0.784089,0.423918,0.861308,0.841242,0.69213
11,2014,0.69349,0.298315,0.831717,0.803758,0.602595
21,2014,0.729936,0.512158,0.890295,0.827162,0.523419
22,2014,0.779105,0.693471,0.916041,0.874219,0.59276
26,2014,0.801308,0.596958,0.897476,0.858328,0.597391
14,2014,0.746509,0.316916,0.862394,0.867461,0.650277
31,2014,0.825613,0.608818,0.901805,0.864585,0.67833
43,2014,0.783839,0.477888,0.859419,0.843884,0.716532
25,2014,0.788873,0.56029,0.919641,0.872964,0.613522
12,2014,0.709874,0.31269,0.827629,0.858863,0.595105
35,2014,0.873122,0.526434,0.859176,0.900025,0.787559
15,2014,0.727915,0.47849,0.889348,0.826412,0.549337
17,2014,0.710743,0.533008,0.865533,0.840547,0.588991
24,2014,0.801773,0.631636,0.8871,0.88466,0.646633
16,2014,0.773062,0.377626,0.817962,0.851118,0.722107
42,2014,0.76403,0.425148,0.787196,0.815995,0.680296
13,2014,0.874176,0.559214,0.961235,0.929799,0.665163
23,2014,0.79258,0.477663,0.891188,0.861951,0.600008
32,2014,0.769294,0.432344,0.841253,0.796061,0.624265
33,2014,0.825656,0.550876,0.840783,0.850964,0.764348
29,2014,0.77802,0.636803,0.891332,0.844556,0.562472
23,2015,0.791531,0.506514,0.891437,0.856326,0.602111
11,2015,0.694335,0.305647,0.852154,0.800603,0.604875
52,2015,0.792506,0.599255,0.863912,0.852637,0.72358
13,2015,0.868583,0.567755,0.964268,0.928639,0.663073
21,2015,0.720329,0.522823,0.888935,0.81623,0.523764
16,2015,0.769808,0.354129,0.800237,0.855441,0.721563
26,2015,0.794733,0.607889,0.891839,0.854698,0.600526
43,2015,0.780295,0.489334,0.85618,0.842012,0.715878
41,2015,0.782616,0.420625,0.863649,0.8356,0.692497
12,2015,0.702146,0.3136,0.835543,0.852206,0.595861
42,2015,0.765502,0.421326,0.789839,0.815499,0.682037
28,2015,0.732204,0.486639,0.822019,0.831135,0.588381
17,2015,0.715613,0.497903,0.876351,0.84771,0.592764
27,2015,0.747634,0.565432,0.883813,0.850193,0.571343
25,2015,0.784818,0.54627,0.904752,0.871539,0.614216
32,2015,0.757844,0.427385,0.816763,0.788465,0.624085
35,2015,0.871508,0.540168,0.850831,0.900963,0.788259
51,2015,0.702834,0.581297,0.793065,0.799639,0.62779
31,2015,0.819167,0.60103,0.895453,0.860978,0.67921
50,2015,0.681231,0.470406,0.803588,0.780133,0.630728
22,2015,0.770228,0.689817,0.910383,0.871651,0.593564
33,2015,0.828041,0.544624,0.826354,0.852796,0.765811
29,2015,0.77591,0.625929,0.897187,0.840157,0.565147
24,2015,0.799565,0.630401,0.88538,0.88202,0.646699
14,2015,0.736321,0.342439,0.857514,0.866975,0.652941
15,2015,0.716042,0.479525,0.879594,0.817096,0.551681
21,2016,0.716927,0.46907,0.886096,0.808752,0.525547
24,2016,0.800925,0.656937,0.883038,0.881091,0.647395
26,2016,0.790401,0.615988,0.893473,0.852449,0.600472
29,2016,0.776509,0.566998,0.90153,0.841915,0.566643
14,2016,0.732934,0.382918,0.848332,0.863358,0.650846
11,2016,0.690432,0.316655,0.840719,0.798749,0.606281
27,2016,0.73483,0.615182,0.88492,0.844848,0.571562
43,2016,0.776248,0.49139,0.857862,0.841423,0.714004
15,2016,0.701392,0.492125,0.873583,0.80897,0.553274
51,2016,0.699514,0.601451,0.787606,0.798842,0.629895
35,2016,0.870776,0.526231,0.858813,0.900318,0.78747
23,2016,0.789309,0.499934,0.8882,0.855876,0.600647
33,2016,0.832271,0.541626,0.824763,0.855056,0.7676
32,2016,0.747877,0.411545,0.807779,0.786643,0.620238
22,2016,0.769381,0.575852,0.901468,0.871452,0.595434
41,2016,0.772889,0.419016,0.864183,0.830089,0.692711
13,2016,0.866237,0.555895,0.968105,0.92131,0.665315
52,2016,0.783067,0.624552,0.850306,0.849538,0.723813
42,2016,0.755703,0.435942,0.78592,0.812276,0.68374
50,2016,0.675015,0.476323,0.803038,0.770738,0.631607
17,2016,0.716685,0.476581,0.877819,0.851732,0.595701
31,2016,0.810631,0.630857,0.8903,0.857615,0.67766
12,2016,0.682746,0.311201,0.825973,0.836326,0.594845
25,2016,0.780546,0.562239,0.906491,0.866847,0.611422
16,2016,0.759556,0.33791,0.739935,0.853799,0.722484
28,2016,0.737925,0.494068,0.839662,0.831544,0.585828
27,2017,0.717591,0.588118,0.877398,0.84147,0.567748
24,2017,0.792455,0.667393,0.868304,0.876624,0.64351
52,2017,0.784806,0.633292,0.849079,0.847496,0.7246
33,2017,0.830283,0.538452,0.823022,0.850943,0.767908
12,2017,0.683597,0.306049,0.813889,0.830749,0.590814
35,2017,0.867509,0.519708,0.850963,0.897678,0.785358
26,2017,0.790723,0.616533,0.892935,0.852845,0.599739
25,2017,0.780096,0.521493,0.907742,0.867096,0.610224
13,2017,0.864297,0.556415,0.965682,0.918286,0.659527
51,2017,0.703153,0.609298,0.777428,0.797314,0.631629
28,2017,0.73031,0.473161,0.838331,0.824887,0.588251
43,2017,0.780458,0.496425,0.853089,0.84221,0.712162
23,2017,0.776891,0.497912,0.880743,0.849496,0.60028
21,2017,0.719273,0.542646,0.897031,0.811293,0.523498
42,2017,0.760321,0.422748,0.788687,0.812302,0.683061
22,2017,0.762341,0.704919,0.89518,0.867652,0.594298
31,2017,0.814644,0.646682,0.891439,0.85783,0.676989
41,2017,0.773335,0.430056,0.857697,0.829301,0.689404
16,2017,0.760113,0.339796,0.75451,0.859042,0.71869
50,2017,0.679411,0.48932,0.800713,0.774482,0.630297
11,2017,0.691572,0.334891,0.868419,0.798214,0.609603
17,2017,0.715442,0.515772,0.871428,0.83818,0.596494
29,2017,0.781992,0.650344,0.897263,0.841902,0.568104
15,2017,0.713949,0.486085,0.894077,0.809613,0.54637
32,2017,0.744252,0.417868,0.798919,0.785532,0.620705
14,2017,0.732891,0.42142,0.859501,0.863469,0.647277
12,2018,0.694903,0.31434,0.829399,0.826848,0.593755
41,2018,0.772714,0.427226,0.855303,0.828907,0.691606
15,2018,0.716724,0.488124,0.894283,0.806291,0.542517
14,2018,0.739614,0.366368,0.852196,0.862105,0.657153
13,2018,0.864342,0.54559,0.961992,0.916696,0.659656
23,2018,0.784155,0.496454,0.887583,0.856837,0.599159
24,2018,0.786695,0.686786,0.864146,0.866967,0.645893
42,2018,0.764828,0.426516,0.782655,0.812673,0.685824
43,2018,0.779495,0.505752,0.846428,0.841405,0.71361
16,2018,0.765715,0.351521,0.753987,0.863286,0.718192
27,2018,0.719386,0.605134,0.863922,0.833257,0.564374
21,2018,0.72605,0.588167,0.90919,0.810453,0.519293
32,2018,0.769704,0.448752,0.843417,0.797557,0.624357
17,2018,0.714197,0.527302,0.858886,0.845032,0.599739
29,2018,0.783131,0.713434,0.891263,0.842243,0.571468
33,2018,0.830066,0.558347,0.836551,0.850562,0.764802
28,2018,0.741566,0.510941,0.835264,0.830283,0.596806
26,2018,0.787867,0.638037,0.886819,0.852705,0.601351
51,2018,0.702004,0.624149,0.785966,0.793643,0.630631
35,2018,0.870907,0.518667,0.861184,0.896856,0.784629
31,2018,0.818877,0.653775,0.897812,0.856303,0.679511
50,2018,0.676322,0.487352,0.801982,0.772349,0.631539
11,2018,0.68859,0.328205,0.842169,0.796976,0.616877
52,2018,0.781696,0.636746,0.848046,0.840407,0.728019
22,2018,0.763947,0.74491,0.896451,0.867278,0.596255
25,2018,0.779396,0.529717,0.906489,0.866831,0.608818
12,2019,0.697213,0.321513,0.815807,0.824092,0.589063
13,2019,0.865525,0.533903,0.957885,0.914634,0.659474
31,2019,0.817957,0.647085,0.89192,0.853458,0.678767
35,2019,0.870916,0.532664,0.859577,0.897005,0.783894
21,2019,0.719922,0.596986,0.898593,0.806116,0.516881
25,2019,0.783012,0.537125,0.897997,0.870651,0.608562
29,2019,0.776351,0.661838,0.890289,0.838736,0.570637
52,2019,0.779745,0.63486,0.840271,0.8406,0.727884
50,2019,0.678223,0.493427,0.790183,0.772935,0.635238
26,2019,0.786735,0.659035,0.885355,0.85115,0.603399
11,2019,0.69649,0.323482,0.873022,0.799542,0.61837
32,2019,0.761845,0.477371,0.827348,0.795817,0.624555
33,2019,0.824804,0.550287,0.83847,0.845334,0.76456
51,2019,0.697208,0.613724,0.774681,0.796057,0.631598
14,2019,0.736621,0.378542,0.859567,0.860811,0.663176
15,2019,0.732364,0.500513,0.90651,0.810603,0.542461
16,2019,0.764604,0.352445,0.755809,0.862813,0.718667
28,2019,0.731055,0.520411,0.8381,0.827379,0.593371
42,2019,0.766119,0.434592,0.780215,0.815797,0.686144
17,2019,0.715154,0.556764,0.859418,0.843297,0.600712
24,2019,0.783211,0.675876,0.864036,0.863862,0.643254
41,2019,0.783962,0.429911,0.868964,0.833204,0.691229
22,2019,0.759958,0.721548,0.890819,0.86576,0.595601
27,2019,0.715405,0.591934,0.851022,0.835891,0.562793
23,2019,0.777462,0.509548,0.880776,0.843441,0.600252
43,2019,0.779499,0.489088,0.845348,0.843207,0.711615
32,2020,0.754162,0.447372,0.807598,0.792441,0.619934
12,2020,0.69665,0.345151,0.807787,0.818095,0.587456
22,2020,0.745754,0.738512,0.868131,0.854681,0.59091
15,2020,0.747159,0.49385,0.926866,0.80539,0.539365
27,2020,0.699908,0.596991,0.862268,0.828729,0.559799
29,2020,0.766467,0.72018,0.896505,0.82526,0.562032
33,2020,0.814158,0.552509,0.83583,0.841476,0.763834
51,2020,0.682279,0.625314,0.777572,0.791887,0.630082
13,2020,0.867089,0.508688,0.963218,0.914091,0.65343
23,2020,0.762434,0.477048,0.875046,0.834944,0.592966
42,2020,0.758902,0.428162,0.775294,0.81202,0.684844
25,2020,0.775584,0.515744,0.89337,0.865189,0.609478
26,2020,0.774633,0.600273,0.879699,0.840509,0.600264
14,2020,0.729712,0.411835,0.834232,0.852691,0.665633
21,2020,0.717013,0.671186,0.906275,0.806116,0.516484
50,2020,0.657064,0.496641,0.79355,0.762135,0.629345
11,2020,0.694941,0.332942,0.862151,0.797178,0.619846
43,2020,0.77248,0.484525,0.840959,0.837904,0.707522
52,2020,0.771566,0.641553,0.840759,0.838578,0.728052
24,2020,0.771888,0.64934,0.857401,0.853096,0.646002
28,2020,0.718553,0.50154,0.846484,0.812689,0.592874
35,2020,0.860678,0.553216,0.848973,0.891484,0.774698
17,2020,0.689644,0.552362,0.849157,0.833886,0.598547
16,2020,0.754711,0.352247,0.730139,0.858852,0.71344
31,2020,0.80625,0.643533,0.88812,0.847253,0.674065
41,2020,0.754874,0.441393,0.861453,0.82071,0.688395
52,2021,0.770524,0.658719,0.844257,0.840318,0.729726
31,2021,0.816271,0.656043,0.906888,0.84991,0.67305
22,2021,0.756025,0.762634,0.87719,0.86037,0.588658
16,2021,0.760608,0.399497,0.760599,0.859947,0.712755
25,2021,0.776399,0.518963,0.887629,0.865809,0.608244
43,2021,0.748006,0.537801,0.845227,0.829136,0.706475
50,2021,0.649675,0.479149,0.7755,0.759653,0.633745
29,2021,0.771169,0.715009,0.894308,0.828035,0.55985
11,2021,0.666739,0.348552,0.855363,0.783601,0.623077
15,2021,0.760565,0.491952,0.934188,0.80939,0.535974
42,2021,0.764371,0.428922,0.77823,0.813149,0.685723
26,2021,0.781164,0.600237,0.888082,0.842043,0.598657
23,2021,0.774289,0.476012,0.886451,0.841113,0.586249
33,2021,0.821137,0.552371,0.860947,0.839666,0.756768
24,2021,0.770165,0.656186,0.847942,0.85622,0.641728
12,2021,0.645659,0.407445,0.78052,0.806343,0.582688
13,2021,0.867945,0.511773,0.961074,0.915204,0.646994
21,2021,0.718701,0.655375,0.907836,0.809318,0.513773
41,2021,0.759364,0.428044,0.866498,0.822806,0.687907
51,2021,0.675591,0.636447,0.782756,0.797609,0.632059
17,2021,0.674547,0.57142,0.84073,0.834367,0.596576
27,2021,0.694572,0.580329,0.870725,0.825464,0.560091
32,2021,0.769147,0.431179,0.847412,0.793514,0.619316
35,2021,0.862,0.537005,0.85362,0.890272,0.775093
14,2021,0.733443,0.420862,0.836438,0.856237,0.667805
28,2021,0.718013,0.482941,0.840414,0.816637,0.592468
